id,val
1,nulla varius magna mi
2,fusce vel euismod ante
3,fusce vel euismod ante
4,etiam dolor diam
9,nulla varius magna mi
13,nam venenatis felis eu nisl sodales
16,donec placerat
21,cras ut sodales ligula
22,nulla varius magna mi
34,in at iaculis dolor
37,ut et volutpat magna. nullam ultrices
38,fusce interdum lacinia nisl in dignissim. in posuere ex ipsum
39,nullam rhoncus quam sed quam ultricies
43,duis hendrerit odio vel elit lobortis
45,nam suscipit
47,nulla varius magna mi
49,praesent viverra diam tellus
50,suspendisse fringilla commodo sem
52,nullam rhoncus quam sed quam ultricies
54,donec varius tellus augue
64,fusce vel euismod ante
71,phasellus diam libero
74,quisque nisl lacus
77,nulla varius magna mi
78,donec accumsan
82,suspendisse dignissim imperdiet leo in varius. nam accumsan varius arcu
90,cras venenatis ex sed nunc tempus
94,lorem ipsum dolor sit amet
98,fusce varius imperdiet dui at rhoncus. sed orci lacus
103,donec accumsan
111,nulla dapibus mauris ante
115,etiam sed lorem felis. nulla feugiat ante eu eros blandit
116,etiam quis lacus at quam lobortis euismod vel et arcu. ut eget elit vitae dui malesuada mollis. integer risus urna
118,cras ut sodales ligula
120,nulla sit amet pellentesque sem
123,suspendisse tincidunt imperdiet risus
128,suspendisse potenti. sed ante libero
131,etiam dolor diam
135,aliquam congue lobortis dui
136,donec placerat
147,nullam vel facilisis nisl
148,fusce vel euismod ante
149,etiam quis lacus at quam lobortis euismod vel et arcu. ut eget elit vitae dui malesuada mollis. integer risus urna
158,etiam sed lorem felis. nulla feugiat ante eu eros blandit
162,nulla gravida lacus ac libero consequat mattis id ac dolor. nunc elit augue
163,etiam quis lacus at quam lobortis euismod vel et arcu. ut eget elit vitae dui malesuada mollis. integer risus urna
167,nunc tellus lacus
172,cras a imperdiet sem
176,mauris consequat
177,etiam quis lacus at quam lobortis euismod vel et arcu. ut eget elit vitae dui malesuada mollis. integer risus urna
180,suspendisse tincidunt imperdiet risus
181,lorem ipsum dolor sit amet
185,nam venenatis felis eu nisl sodales
186,in at iaculis dolor
194,etiam quis lacus at quam lobortis euismod vel et arcu. ut eget elit vitae dui malesuada mollis. integer risus urna
198,duis hendrerit odio vel elit lobortis
199,aliquam accumsan nunc tellus
206,etiam sed lorem felis. nulla feugiat ante eu eros blandit
209,cras ut sodales ligula
218,ut pulvinar ultricies massa
221,suspendisse fringilla commodo sem
222,fusce interdum lacinia nisl in dignissim. in posuere ex ipsum
227,nulla sit amet pellentesque sem
229,ut pulvinar ultricies massa
232,etiam quis lacus at quam lobortis euismod vel et arcu. ut eget elit vitae dui malesuada mollis. integer risus urna
236,suspendisse dignissim imperdiet leo in varius. nam accumsan varius arcu
239,fusce vel euismod ante
244,aliquam congue lobortis dui
245,mauris consequat
248,nulla dapibus mauris ante
250,phasellus diam libero
252,suspendisse potenti. sed ante libero
263,fusce vel euismod ante
268,nam suscipit
269,phasellus ut diam ut elit venenatis tempor. in semper viverra urna
272,ut et volutpat magna. nullam ultrices
279,sed dapibus
281,aliquam accumsan nunc tellus
284,phasellus ut diam ut elit venenatis tempor. in semper viverra urna
285,lorem ipsum dolor sit amet
295,fusce urna ipsum
300,donec ac rutrum risus. morbi mauris tortor
318,suspendisse fringilla commodo sem
320,lorem ipsum dolor sit amet
325,proin convallis urna velit
328,nulla varius magna mi
329,cras a imperdiet sem
331,quisque nisl lacus
334,duis hendrerit odio vel elit lobortis
339,etiam dolor diam
343,nulla sit amet pellentesque sem
349,nam venenatis felis eu nisl sodales
350,donec varius tellus augue
354,nunc tellus lacus
355,suspendisse dignissim imperdiet leo in varius. nam accumsan varius arcu
359,mauris consequat
368,etiam sed lorem felis. nulla feugiat ante eu eros blandit
369,suspendisse tincidunt imperdiet risus
370,suspendisse tincidunt imperdiet risus
371,donec varius tellus augue
372,lorem ipsum dolor sit amet
374,quisque nisl lacus
375,cras venenatis ex sed nunc tempus
378,ut in interdum ligula
380,suspendisse tincidunt imperdiet risus
382,nullam rhoncus quam sed quam ultricies
384,etiam dolor diam
385,phasellus diam libero
388,donec accumsan
390,nulla gravida lacus ac libero consequat mattis id ac dolor. nunc elit augue
403,donec placerat
405,nullam vel facilisis nisl
407,suspendisse tincidunt imperdiet risus
412,ut et volutpat magna. nullam ultrices
413,nam suscipit
414,fusce interdum lacinia nisl in dignissim. in posuere ex ipsum
415,suspendisse potenti. sed ante libero
420,fusce interdum lacinia nisl in dignissim. in posuere ex ipsum
421,nulla gravida lacus ac libero consequat mattis id ac dolor. nunc elit augue
423,etiam sed lorem felis. nulla feugiat ante eu eros blandit
427,quisque at eleifend erat. nulla massa erat
435,fusce varius imperdiet dui at rhoncus. sed orci lacus
437,nunc tellus lacus
438,mauris consequat
441,nam suscipit
449,fusce interdum lacinia nisl in dignissim. in posuere ex ipsum
451,suspendisse dignissim imperdiet leo in varius. nam accumsan varius arcu
454,quisque nisl lacus
455,cras a imperdiet sem
456,donec varius tellus augue
457,donec placerat
459,sed dapibus
460,nam venenatis felis eu nisl sodales
467,donec accumsan
472,ut in interdum ligula
473,aliquam accumsan nunc tellus
477,sed dapibus
478,duis hendrerit odio vel elit lobortis
480,ut et volutpat magna. nullam ultrices
484,nullam rhoncus quam sed quam ultricies
487,donec ac rutrum risus. morbi mauris tortor
488,suspendisse dignissim imperdiet leo in varius. nam accumsan varius arcu
490,aliquam accumsan nunc tellus
501,fusce interdum lacinia nisl in dignissim. in posuere ex ipsum
508,donec accumsan
510,nullam rhoncus quam sed quam ultricies
512,sed dapibus
518,nulla dapibus mauris ante
523,suspendisse fringilla commodo sem
526,etiam nunc lacus
531,fusce urna ipsum
532,etiam quis lacus at quam lobortis euismod vel et arcu. ut eget elit vitae dui malesuada mollis. integer risus urna
542,praesent viverra diam tellus
553,duis hendrerit odio vel elit lobortis
554,ut et volutpat magna. nullam ultrices
555,cras ut sodales ligula
559,ut et volutpat magna. nullam ultrices
560,cras venenatis ex sed nunc tempus
561,donec accumsan
562,cras a imperdiet sem
564,fusce vel euismod ante
568,praesent viverra diam tellus
573,nam suscipit
574,cras venenatis ex sed nunc tempus
575,proin convallis urna velit
576,phasellus ut diam ut elit venenatis tempor. in semper viverra urna
579,cras ut sodales ligula
586,proin convallis urna velit
589,cras ut sodales ligula
591,ut pulvinar ultricies massa
594,ut pulvinar ultricies massa
599,suspendisse tincidunt imperdiet risus
600,lorem ipsum dolor sit amet
601,cras ut sodales ligula
603,nulla varius magna mi
606,ut pulvinar ultricies massa
608,ut et volutpat magna. nullam ultrices
609,nam suscipit
613,nullam rhoncus quam sed quam ultricies
614,fusce varius imperdiet dui at rhoncus. sed orci lacus
627,sed dapibus
628,suspendisse tincidunt imperdiet risus
630,mauris consequat
631,suspendisse potenti. sed ante libero
634,nulla gravida lacus ac libero consequat mattis id ac dolor. nunc elit augue
635,donec placerat
637,ut et volutpat magna. nullam ultrices
643,suspendisse potenti. sed ante libero
657,suspendisse potenti. sed ante libero
658,mauris in posuere arcu
661,mauris consequat
664,nulla sit amet pellentesque sem
665,donec ac rutrum risus. morbi mauris tortor
667,donec placerat
668,nulla dapibus mauris ante
671,donec varius tellus augue
673,donec ac rutrum risus. morbi mauris tortor
675,ut in interdum ligula
679,cras venenatis ex sed nunc tempus
680,sed dapibus
681,fusce vel euismod ante
682,ut in interdum ligula
684,suspendisse dignissim imperdiet leo in varius. nam accumsan varius arcu
687,nulla sit amet pellentesque sem
688,mauris consequat
691,aliquam accumsan nunc tellus
692,donec placerat
693,nulla dapibus mauris ante
703,suspendisse potenti. sed ante libero
705,lorem ipsum dolor sit amet
707,quisque at eleifend erat. nulla massa erat
709,proin convallis urna velit
710,cras venenatis ex sed nunc tempus
713,nullam rhoncus quam sed quam ultricies
719,cras venenatis ex sed nunc tempus
727,quisque nisl lacus
731,nulla sit amet pellentesque sem
733,suspendisse dignissim imperdiet leo in varius. nam accumsan varius arcu
738,donec placerat
739,ut pulvinar ultricies massa
750,mauris consequat
751,lorem ipsum dolor sit amet
755,ut in interdum ligula
756,sed dapibus
759,suspendisse fringilla commodo sem
762,etiam sed lorem felis. nulla feugiat ante eu eros blandit
764,aliquam accumsan nunc tellus
766,nulla dapibus mauris ante
767,quisque nisl lacus
769,fusce varius imperdiet dui at rhoncus. sed orci lacus
772,suspendisse tincidunt imperdiet risus
774,nam venenatis felis eu nisl sodales
776,praesent viverra diam tellus
784,lorem ipsum dolor sit amet
788,praesent viverra diam tellus
796,suspendisse tincidunt imperdiet risus
797,mauris in posuere arcu
798,praesent viverra diam tellus
799,etiam nunc lacus
800,phasellus ut diam ut elit venenatis tempor. in semper viverra urna
801,suspendisse tincidunt imperdiet risus
805,fusce urna ipsum
807,lorem ipsum dolor sit amet
812,proin convallis urna velit
815,fusce interdum lacinia nisl in dignissim. in posuere ex ipsum
816,suspendisse potenti. sed ante libero
819,duis hendrerit odio vel elit lobortis
821,quisque at eleifend erat. nulla massa erat
829,etiam dolor diam
830,fusce urna ipsum
831,aliquam accumsan nunc tellus
833,quisque at eleifend erat. nulla massa erat
839,quisque at eleifend erat. nulla massa erat
840,cras ut sodales ligula
847,nam venenatis felis eu nisl sodales
849,fusce interdum lacinia nisl in dignissim. in posuere ex ipsum
858,suspendisse dignissim imperdiet leo in varius. nam accumsan varius arcu
863,aliquam accumsan nunc tellus
865,fusce varius imperdiet dui at rhoncus. sed orci lacus
867,aliquam accumsan nunc tellus
868,quisque at eleifend erat. nulla massa erat
870,quisque nisl lacus
880,phasellus ut diam ut elit venenatis tempor. in semper viverra urna
881,etiam dolor diam
891,fusce varius imperdiet dui at rhoncus. sed orci lacus
900,ut in interdum ligula
901,nam suscipit
902,lorem ipsum dolor sit amet
905,mauris in posuere arcu
915,quisque at eleifend erat. nulla massa erat
916,aliquam accumsan nunc tellus
920,cras a imperdiet sem
921,fusce urna ipsum
922,nunc tellus lacus
927,donec placerat
928,donec varius tellus augue
934,fusce varius imperdiet dui at rhoncus. sed orci lacus
937,phasellus ut diam ut elit venenatis tempor. in semper viverra urna
941,lorem ipsum dolor sit amet
942,ut et volutpat magna. nullam ultrices
943,praesent viverra diam tellus
944,donec placerat
945,cras ut sodales ligula
949,ut et volutpat magna. nullam ultrices
954,nam venenatis felis eu nisl sodales
963,donec ac rutrum risus. morbi mauris tortor
966,aliquam accumsan nunc tellus
967,nulla varius magna mi
968,suspendisse dignissim imperdiet leo in varius. nam accumsan varius arcu
969,donec placerat
970,nunc tellus lacus
975,cras venenatis ex sed nunc tempus
978,lorem ipsum dolor sit amet
979,nullam rhoncus quam sed quam ultricies
982,donec placerat
983,nulla varius magna mi
987,praesent viverra diam tellus
993,nullam vel facilisis nisl
994,nam suscipit
1002,donec varius tellus augue
1005,nulla sit amet pellentesque sem
1008,nulla varius magna mi
1011,quisque at eleifend erat. nulla massa erat
1012,aliquam accumsan nunc tellus
1014,proin convallis urna velit
1017,suspendisse tincidunt imperdiet risus
1020,donec varius tellus augue
1028,cras venenatis ex sed nunc tempus
1030,suspendisse dignissim imperdiet leo in varius. nam accumsan varius arcu
1032,nullam vel facilisis nisl
1033,donec accumsan
1035,phasellus diam libero
1038,nulla dapibus mauris ante
1043,donec accumsan
1044,donec ac rutrum risus. morbi mauris tortor
1046,phasellus ut diam ut elit venenatis tempor. in semper viverra urna
1049,nullam rhoncus quam sed quam ultricies
1053,lorem ipsum dolor sit amet
1054,nulla sit amet pellentesque sem
1055,quisque nisl lacus
1056,mauris consequat
1057,lorem ipsum dolor sit amet
1059,fusce interdum lacinia nisl in dignissim. in posuere ex ipsum
1062,ut pulvinar ultricies massa
1064,in at iaculis dolor
1066,donec accumsan
1068,suspendisse dignissim imperdiet leo in varius. nam accumsan varius arcu
1076,mauris in posuere arcu
1079,ut et volutpat magna. nullam ultrices
1082,etiam quis lacus at quam lobortis euismod vel et arcu. ut eget elit vitae dui malesuada mollis. integer risus urna
1084,aliquam congue lobortis dui
1087,fusce varius imperdiet dui at rhoncus. sed orci lacus
1091,fusce varius imperdiet dui at rhoncus. sed orci lacus
1095,phasellus ut diam ut elit venenatis tempor. in semper viverra urna
1102,phasellus diam libero
1105,nullam vel facilisis nisl
1107,phasellus ut diam ut elit venenatis tempor. in semper viverra urna
1113,sed dapibus
1115,fusce vel euismod ante
1116,suspendisse fringilla commodo sem
1118,nullam vel facilisis nisl
1119,lorem ipsum dolor sit amet
1121,in at iaculis dolor
1131,fusce vel euismod ante
1132,mauris in posuere arcu
1135,fusce urna ipsum
1137,donec varius tellus augue
1155,quisque nisl lacus
1156,fusce interdum lacinia nisl in dignissim. in posuere ex ipsum
1162,phasellus ut diam ut elit venenatis tempor. in semper viverra urna
1168,suspendisse tincidunt imperdiet risus
1169,phasellus ut diam ut elit venenatis tempor. in semper viverra urna
1172,sed dapibus
1177,nulla gravida lacus ac libero consequat mattis id ac dolor. nunc elit augue
1178,cras ut sodales ligula
1181,ut et volutpat magna. nullam ultrices
1182,fusce vel euismod ante
1184,phasellus diam libero
1190,mauris consequat
1194,nulla sit amet pellentesque sem
1203,quisque nisl lacus
1205,nulla sit amet pellentesque sem
1206,cras venenatis ex sed nunc tempus
1208,praesent viverra diam tellus
1212,praesent viverra diam tellus
1214,nulla dapibus mauris ante
1215,etiam dolor diam
1218,proin convallis urna velit
1219,cras ut sodales ligula
1222,suspendisse potenti. sed ante libero
1223,proin convallis urna velit
1226,ut pulvinar ultricies massa
1228,donec accumsan
1234,nunc tellus lacus
1239,cras a imperdiet sem
1241,suspendisse dignissim imperdiet leo in varius. nam accumsan varius arcu
1242,suspendisse dignissim imperdiet leo in varius. nam accumsan varius arcu
1243,nam venenatis felis eu nisl sodales
1246,donec placerat
1248,lorem ipsum dolor sit amet
1250,suspendisse dignissim imperdiet leo in varius. nam accumsan varius arcu
1252,donec ac rutrum risus. morbi mauris tortor
1256,nullam rhoncus quam sed quam ultricies
1262,fusce interdum lacinia nisl in dignissim. in posuere ex ipsum
1263,nulla gravida lacus ac libero consequat mattis id ac dolor. nunc elit augue
1269,nunc tellus lacus
1270,fusce interdum lacinia nisl in dignissim. in posuere ex ipsum
1271,mauris in posuere arcu
1273,mauris consequat
1290,fusce vel euismod ante
1292,suspendisse potenti. sed ante libero
1294,fusce interdum lacinia nisl in dignissim. in posuere ex ipsum
1296,ut in interdum ligula
1297,cras venenatis ex sed nunc tempus
1301,suspendisse potenti. sed ante libero
1305,aliquam accumsan nunc tellus
1306,fusce varius imperdiet dui at rhoncus. sed orci lacus
1311,nulla varius magna mi
1313,lorem ipsum dolor sit amet
1315,phasellus diam libero
1318,nulla gravida lacus ac libero consequat mattis id ac dolor. nunc elit augue
1319,suspendisse potenti. sed ante libero
1328,phasellus ut diam ut elit venenatis tempor. in semper viverra urna
1333,proin convallis urna velit
1334,nullam vel facilisis nisl
1337,fusce urna ipsum
1339,phasellus ut diam ut elit venenatis tempor. in semper viverra urna
1344,nam venenatis felis eu nisl sodales
1347,cras venenatis ex sed nunc tempus
1348,mauris in posuere arcu
1352,suspendisse fringilla commodo sem
1357,ut in interdum ligula
1358,cras a imperdiet sem
1359,etiam nunc lacus
1361,duis hendrerit odio vel elit lobortis
1366,duis hendrerit odio vel elit lobortis
1367,cras a imperdiet sem
1368,aliquam congue lobortis dui
1373,fusce urna ipsum
1377,nunc tellus lacus
1378,nullam vel facilisis nisl
1385,suspendisse fringilla commodo sem
1389,suspendisse tincidunt imperdiet risus
1393,suspendisse fringilla commodo sem
1395,mauris in posuere arcu
1398,sed dapibus
1399,ut in interdum ligula
1400,phasellus diam libero
1408,nam suscipit
1410,nulla gravida lacus ac libero consequat mattis id ac dolor. nunc elit augue
1412,suspendisse potenti. sed ante libero
1413,donec placerat
1415,aliquam congue lobortis dui
1417,fusce interdum lacinia nisl in dignissim. in posuere ex ipsum
1425,etiam sed lorem felis. nulla feugiat ante eu eros blandit
1430,lorem ipsum dolor sit amet
1431,quisque nisl lacus
1435,nulla varius magna mi
1437,proin convallis urna velit
1440,phasellus diam libero
1441,nunc tellus lacus
1442,donec placerat
1444,nulla sit amet pellentesque sem
1446,aliquam congue lobortis dui
1447,quisque nisl lacus
1450,phasellus diam libero
1451,lorem ipsum dolor sit amet
1452,lorem ipsum dolor sit amet
1457,donec placerat
1468,nullam rhoncus quam sed quam ultricies
1470,proin convallis urna velit
1475,in at iaculis dolor
1478,nulla varius magna mi
1480,fusce urna ipsum
1483,quisque nisl lacus
1494,donec ac rutrum risus. morbi mauris tortor
1496,quisque nisl lacus
1500,fusce varius imperdiet dui at rhoncus. sed orci lacus
1504,nullam vel facilisis nisl
1505,lorem ipsum dolor sit amet
1510,ut in interdum ligula
1511,nulla sit amet pellentesque sem
1515,nam suscipit
1516,ut in interdum ligula
1517,suspendisse fringilla commodo sem
1518,donec placerat
1519,proin convallis urna velit
1520,quisque nisl lacus
1522,praesent viverra diam tellus
1526,cras venenatis ex sed nunc tempus
1527,donec placerat
1533,nulla varius magna mi
1537,nullam rhoncus quam sed quam ultricies
1540,cras a imperdiet sem
1546,praesent viverra diam tellus
1547,sed dapibus
1552,nulla dapibus mauris ante
1557,cras venenatis ex sed nunc tempus
1559,duis hendrerit odio vel elit lobortis
1560,donec placerat
1561,fusce urna ipsum
1563,quisque nisl lacus
1565,fusce vel euismod ante
1568,nam venenatis felis eu nisl sodales
1570,nulla sit amet pellentesque sem
1571,lorem ipsum dolor sit amet
1572,cras a imperdiet sem
1573,suspendisse tincidunt imperdiet risus
1578,cras ut sodales ligula
1582,phasellus ut diam ut elit venenatis tempor. in semper viverra urna
1583,nullam rhoncus quam sed quam ultricies
1586,ut in interdum ligula
1592,fusce interdum lacinia nisl in dignissim. in posuere ex ipsum
1596,donec placerat
1600,ut in interdum ligula
1602,nulla gravida lacus ac libero consequat mattis id ac dolor. nunc elit augue
1608,nunc tellus lacus
1611,cras venenatis ex sed nunc tempus
1615,fusce varius imperdiet dui at rhoncus. sed orci lacus
1616,suspendisse dignissim imperdiet leo in varius. nam accumsan varius arcu
1617,etiam dolor diam
1631,nam venenatis felis eu nisl sodales
1636,donec placerat
1637,donec placerat
1639,lorem ipsum dolor sit amet
1640,nulla dapibus mauris ante
1641,duis hendrerit odio vel elit lobortis
1644,nulla varius magna mi
1647,aliquam congue lobortis dui
1648,quisque nisl lacus
1652,nulla varius magna mi
1653,fusce interdum lacinia nisl in dignissim. in posuere ex ipsum
1654,nullam rhoncus quam sed quam ultricies
1655,cras a imperdiet sem
1662,nam venenatis felis eu nisl sodales
1668,quisque at eleifend erat. nulla massa erat
1674,lorem ipsum dolor sit amet
1675,fusce varius imperdiet dui at rhoncus. sed orci lacus
1679,praesent viverra diam tellus
1683,suspendisse potenti. sed ante libero
1685,ut pulvinar ultricies massa
1688,sed dapibus
1691,donec accumsan
1702,nullam vel facilisis nisl
1703,nunc tellus lacus
1704,donec varius tellus augue
1707,sed dapibus
1711,fusce varius imperdiet dui at rhoncus. sed orci lacus
1712,suspendisse tincidunt imperdiet risus
1713,quisque nisl lacus
1715,aliquam congue lobortis dui
1716,ut in interdum ligula
1721,donec ac rutrum risus. morbi mauris tortor
1722,lorem ipsum dolor sit amet
1723,in at iaculis dolor
1728,duis hendrerit odio vel elit lobortis
1729,cras a imperdiet sem
1731,aliquam accumsan nunc tellus
1732,nullam rhoncus quam sed quam ultricies
1733,praesent viverra diam tellus
1746,mauris in posuere arcu
1748,fusce interdum lacinia nisl in dignissim. in posuere ex ipsum
1749,nulla dapibus mauris ante
1750,fusce interdum lacinia nisl in dignissim. in posuere ex ipsum
1755,etiam nunc lacus
1757,aliquam congue lobortis dui
1758,fusce urna ipsum
1759,nullam rhoncus quam sed quam ultricies
1760,etiam nunc lacus
1762,etiam sed lorem felis. nulla feugiat ante eu eros blandit
1764,quisque at eleifend erat. nulla massa erat
1767,nam venenatis felis eu nisl sodales
1768,mauris consequat
1772,nulla gravida lacus ac libero consequat mattis id ac dolor. nunc elit augue
1774,duis hendrerit odio vel elit lobortis
1775,aliquam congue lobortis dui
1777,fusce interdum lacinia nisl in dignissim. in posuere ex ipsum
1778,suspendisse tincidunt imperdiet risus
1781,nam suscipit
1785,nullam rhoncus quam sed quam ultricies
1787,nullam rhoncus quam sed quam ultricies
1788,suspendisse potenti. sed ante libero
1796,donec varius tellus augue
1797,suspendisse tincidunt imperdiet risus
1798,praesent viverra diam tellus
1800,nulla sit amet pellentesque sem
1802,nunc tellus lacus
1804,nulla gravida lacus ac libero consequat mattis id ac dolor. nunc elit augue
1806,fusce urna ipsum
1807,nulla varius magna mi
1810,etiam sed lorem felis. nulla feugiat ante eu eros blandit
1815,phasellus diam libero
1818,cras ut sodales ligula
1823,fusce interdum lacinia nisl in dignissim. in posuere ex ipsum
1824,nulla dapibus mauris ante
1825,quisque at eleifend erat. nulla massa erat
1826,in at iaculis dolor
1827,nulla dapibus mauris ante
1829,cras venenatis ex sed nunc tempus
1831,cras venenatis ex sed nunc tempus
1833,cras a imperdiet sem
1836,proin convallis urna velit
1837,fusce varius imperdiet dui at rhoncus. sed orci lacus
1841,donec accumsan
1842,lorem ipsum dolor sit amet
1846,suspendisse fringilla commodo sem
1860,lorem ipsum dolor sit amet
1861,ut pulvinar ultricies massa
1862,phasellus diam libero
1863,in at iaculis dolor
1866,suspendisse fringilla commodo sem
1868,nunc tellus lacus
1870,etiam nunc lacus
1871,proin convallis urna velit
1873,praesent viverra diam tellus
1877,quisque at eleifend erat. nulla massa erat
1880,suspendisse tincidunt imperdiet risus
1884,etiam sed lorem felis. nulla feugiat ante eu eros blandit
1886,duis hendrerit odio vel elit lobortis
1891,duis hendrerit odio vel elit lobortis
1893,phasellus diam libero
1894,in at iaculis dolor
1895,donec placerat
1898,aliquam congue lobortis dui
1901,donec ac rutrum risus. morbi mauris tortor
1905,nullam rhoncus quam sed quam ultricies
1907,donec varius tellus augue
1908,donec varius tellus augue
1909,nunc tellus lacus
1910,ut et volutpat magna. nullam ultrices
1919,nam venenatis felis eu nisl sodales
1921,nulla varius magna mi
1922,etiam nunc lacus
1937,ut et volutpat magna. nullam ultrices
1938,nullam rhoncus quam sed quam ultricies
1948,nulla dapibus mauris ante
1950,sed dapibus
1954,donec accumsan
1959,fusce vel euismod ante
1961,donec accumsan
1963,nulla dapibus mauris ante
1965,suspendisse dignissim imperdiet leo in varius. nam accumsan varius arcu
1966,ut pulvinar ultricies massa
1967,nam venenatis felis eu nisl sodales
1969,ut pulvinar ultricies massa
1970,cras a imperdiet sem
1973,suspendisse tincidunt imperdiet risus
1974,etiam quis lacus at quam lobortis euismod vel et arcu. ut eget elit vitae dui malesuada mollis. integer risus urna
1975,in at iaculis dolor
1984,nullam rhoncus quam sed quam ultricies
1986,suspendisse fringilla commodo sem
2000,suspendisse potenti. sed ante libero
2003,quisque at eleifend erat. nulla massa erat
2004,duis hendrerit odio vel elit lobortis
2006,donec varius tellus augue
2007,nulla sit amet pellentesque sem
2012,phasellus ut diam ut elit venenatis tempor. in semper viverra urna
2013,nullam vel facilisis nisl
2016,donec placerat
2017,aliquam accumsan nunc tellus
2018,ut et volutpat magna. nullam ultrices
2019,mauris in posuere arcu
2020,aliquam congue lobortis dui
2024,donec accumsan
2026,lorem ipsum dolor sit amet
2027,cras a imperdiet sem
2030,donec ac rutrum risus. morbi mauris tortor
2033,donec varius tellus augue
2035,sed dapibus
2037,fusce varius imperdiet dui at rhoncus. sed orci lacus
2043,nulla varius magna mi
2046,suspendisse potenti. sed ante libero
2051,nam suscipit
2052,fusce varius imperdiet dui at rhoncus. sed orci lacus
2057,donec accumsan
2058,proin convallis urna velit
2060,fusce vel euismod ante
2064,cras venenatis ex sed nunc tempus
2066,fusce urna ipsum
2067,in at iaculis dolor
2070,nulla dapibus mauris ante
2071,aliquam accumsan nunc tellus
2072,cras ut sodales ligula
2075,nam venenatis felis eu nisl sodales
2077,donec placerat
2081,nulla dapibus mauris ante
2083,suspendisse fringilla commodo sem
2087,etiam dolor diam
2088,cras venenatis ex sed nunc tempus
2089,fusce varius imperdiet dui at rhoncus. sed orci lacus
2092,phasellus ut diam ut elit venenatis tempor. in semper viverra urna
2093,mauris consequat
2095,donec varius tellus augue
2096,aliquam accumsan nunc tellus
2098,nam suscipit
2099,cras a imperdiet sem
2100,fusce interdum lacinia nisl in dignissim. in posuere ex ipsum
2102,phasellus diam libero
2107,aliquam accumsan nunc tellus
2117,cras venenatis ex sed nunc tempus
2123,mauris consequat
2124,nulla gravida lacus ac libero consequat mattis id ac dolor. nunc elit augue
2126,etiam nunc lacus
2127,praesent viverra diam tellus
2128,lorem ipsum dolor sit amet
2129,suspendisse tincidunt imperdiet risus
2130,donec varius tellus augue
2136,aliquam accumsan nunc tellus
2138,lorem ipsum dolor sit amet
2140,etiam dolor diam
2141,sed dapibus
2142,donec ac rutrum risus. morbi mauris tortor
2148,ut et volutpat magna. nullam ultrices
2151,cras a imperdiet sem
2153,suspendisse tincidunt imperdiet risus
2155,lorem ipsum dolor sit amet
2156,nulla gravida lacus ac libero consequat mattis id ac dolor. nunc elit augue
2167,etiam dolor diam
2168,sed dapibus
2169,fusce urna ipsum
2173,fusce urna ipsum
2175,donec varius tellus augue
2177,donec varius tellus augue
2178,cras venenatis ex sed nunc tempus
2179,cras a imperdiet sem
2182,sed dapibus
2183,duis hendrerit odio vel elit lobortis
2187,lorem ipsum dolor sit amet
2191,nullam vel facilisis nisl
2193,phasellus ut diam ut elit venenatis tempor. in semper viverra urna
2204,nunc tellus lacus
2211,ut in interdum ligula
2212,phasellus diam libero
2214,donec placerat
2215,cras ut sodales ligula
2218,lorem ipsum dolor sit amet
2222,suspendisse tincidunt imperdiet risus
2230,donec ac rutrum risus. morbi mauris tortor
2233,donec accumsan
2235,ut in interdum ligula
2236,etiam dolor diam
2237,etiam nunc lacus
2238,donec varius tellus augue
2243,donec placerat
2246,praesent viverra diam tellus
2249,nulla dapibus mauris ante
2253,etiam nunc lacus
2254,fusce urna ipsum
2255,nullam rhoncus quam sed quam ultricies
2262,proin convallis urna velit
2271,etiam nunc lacus
2275,donec varius tellus augue
2277,etiam sed lorem felis. nulla feugiat ante eu eros blandit
2278,nulla varius magna mi
2290,etiam dolor diam
2293,aliquam congue lobortis dui
2294,lorem ipsum dolor sit amet
2295,cras venenatis ex sed nunc tempus
2303,nam venenatis felis eu nisl sodales
2305,ut et volutpat magna. nullam ultrices
2310,donec varius tellus augue
2321,lorem ipsum dolor sit amet
2322,proin convallis urna velit
2323,phasellus diam libero
2332,in at iaculis dolor
2340,donec varius tellus augue
2345,quisque at eleifend erat. nulla massa erat
2347,quisque at eleifend erat. nulla massa erat
2352,suspendisse tincidunt imperdiet risus
2353,etiam sed lorem felis. nulla feugiat ante eu eros blandit
2356,etiam quis lacus at quam lobortis euismod vel et arcu. ut eget elit vitae dui malesuada mollis. integer risus urna
2357,donec accumsan
2360,duis hendrerit odio vel elit lobortis
2361,fusce varius imperdiet dui at rhoncus. sed orci lacus
2366,nam suscipit
2367,nulla gravida lacus ac libero consequat mattis id ac dolor. nunc elit augue
2368,suspendisse dignissim imperdiet leo in varius. nam accumsan varius arcu
2370,fusce varius imperdiet dui at rhoncus. sed orci lacus
2371,suspendisse dignissim imperdiet leo in varius. nam accumsan varius arcu
2377,fusce urna ipsum
2379,praesent viverra diam tellus
2380,nulla varius magna mi
2384,donec ac rutrum risus. morbi mauris tortor
2385,quisque at eleifend erat. nulla massa erat
2387,nulla gravida lacus ac libero consequat mattis id ac dolor. nunc elit augue
2392,sed dapibus
2394,aliquam accumsan nunc tellus
2405,donec ac rutrum risus. morbi mauris tortor
2406,aliquam accumsan nunc tellus
2409,nam suscipit
2412,donec accumsan
2413,ut et volutpat magna. nullam ultrices
2415,ut et volutpat magna. nullam ultrices
2416,donec varius tellus augue
2417,quisque at eleifend erat. nulla massa erat
2418,aliquam accumsan nunc tellus
2431,sed dapibus
2432,donec placerat
2435,nulla dapibus mauris ante
2437,nulla dapibus mauris ante
2439,nullam rhoncus quam sed quam ultricies
2440,nulla sit amet pellentesque sem
2444,sed dapibus
2452,suspendisse potenti. sed ante libero
2461,lorem ipsum dolor sit amet
2464,quisque nisl lacus
2468,proin convallis urna velit
2470,duis hendrerit odio vel elit lobortis
2473,praesent viverra diam tellus
2482,praesent viverra diam tellus
2483,phasellus ut diam ut elit venenatis tempor. in semper viverra urna
2488,praesent viverra diam tellus
2490,duis hendrerit odio vel elit lobortis
2495,in at iaculis dolor
2496,etiam quis lacus at quam lobortis euismod vel et arcu. ut eget elit vitae dui malesuada mollis. integer risus urna
2497,phasellus diam libero
2499,donec placerat
2507,suspendisse potenti. sed ante libero
2513,mauris consequat
2517,sed dapibus
2522,proin convallis urna velit
2523,ut pulvinar ultricies massa
2527,phasellus ut diam ut elit venenatis tempor. in semper viverra urna
2528,nunc tellus lacus
2529,sed dapibus
2530,nam suscipit
2534,suspendisse fringilla commodo sem
2536,phasellus ut diam ut elit venenatis tempor. in semper viverra urna
2537,etiam quis lacus at quam lobortis euismod vel et arcu. ut eget elit vitae dui malesuada mollis. integer risus urna
2539,fusce urna ipsum
2540,ut et volutpat magna. nullam ultrices
2541,ut in interdum ligula
2542,ut pulvinar ultricies massa
2547,phasellus diam libero
2548,lorem ipsum dolor sit amet
2554,ut pulvinar ultricies massa
2560,etiam quis lacus at quam lobortis euismod vel et arcu. ut eget elit vitae dui malesuada mollis. integer risus urna
2561,suspendisse fringilla commodo sem
2563,ut et volutpat magna. nullam ultrices
2567,donec varius tellus augue
2568,nullam vel facilisis nisl
2571,quisque at eleifend erat. nulla massa erat
2574,fusce vel euismod ante
2576,nam venenatis felis eu nisl sodales
2580,nulla varius magna mi
2581,fusce urna ipsum
2582,mauris in posuere arcu
2585,donec varius tellus augue
2587,nulla dapibus mauris ante
2597,donec ac rutrum risus. morbi mauris tortor
2599,donec accumsan
2600,etiam quis lacus at quam lobortis euismod vel et arcu. ut eget elit vitae dui malesuada mollis. integer risus urna
2602,suspendisse dignissim imperdiet leo in varius. nam accumsan varius arcu
2605,mauris in posuere arcu
2611,aliquam congue lobortis dui
2614,in at iaculis dolor
2617,nam suscipit
2621,lorem ipsum dolor sit amet
2623,suspendisse dignissim imperdiet leo in varius. nam accumsan varius arcu
2624,ut in interdum ligula
2625,ut et volutpat magna. nullam ultrices
2626,nunc tellus lacus
2630,suspendisse potenti. sed ante libero
2633,cras venenatis ex sed nunc tempus
2634,donec placerat
2638,donec ac rutrum risus. morbi mauris tortor
2640,quisque at eleifend erat. nulla massa erat
2643,duis hendrerit odio vel elit lobortis
2644,cras venenatis ex sed nunc tempus
2653,lorem ipsum dolor sit amet
2655,nam suscipit
2657,praesent viverra diam tellus
2660,nullam rhoncus quam sed quam ultricies
2662,nulla sit amet pellentesque sem
2663,suspendisse dignissim imperdiet leo in varius. nam accumsan varius arcu
2664,nam suscipit
2665,donec ac rutrum risus. morbi mauris tortor
2666,ut in interdum ligula
2669,suspendisse potenti. sed ante libero
2670,fusce varius imperdiet dui at rhoncus. sed orci lacus
2671,aliquam congue lobortis dui
2672,fusce vel euismod ante
2674,donec ac rutrum risus. morbi mauris tortor
2678,donec ac rutrum risus. morbi mauris tortor
2680,nunc tellus lacus
2691,nullam rhoncus quam sed quam ultricies
2693,ut in interdum ligula
2698,mauris consequat
2699,lorem ipsum dolor sit amet
2705,nulla gravida lacus ac libero consequat mattis id ac dolor. nunc elit augue
2708,mauris consequat
2710,sed dapibus
2711,mauris in posuere arcu
2712,nulla sit amet pellentesque sem
2734,fusce urna ipsum
2737,cras venenatis ex sed nunc tempus
2739,fusce urna ipsum
2741,etiam quis lacus at quam lobortis euismod vel et arcu. ut eget elit vitae dui malesuada mollis. integer risus urna
2746,quisque nisl lacus
2752,nulla varius magna mi
2754,suspendisse fringilla commodo sem
2755,mauris consequat
2756,nunc tellus lacus
2759,donec accumsan
2765,ut et volutpat magna. nullam ultrices
2768,ut in interdum ligula
2775,phasellus ut diam ut elit venenatis tempor. in semper viverra urna
2778,fusce vel euismod ante
2782,donec ac rutrum risus. morbi mauris tortor
2785,ut in interdum ligula
2787,nulla dapibus mauris ante
2789,donec ac rutrum risus. morbi mauris tortor
2791,nunc tellus lacus
2799,phasellus ut diam ut elit venenatis tempor. in semper viverra urna
2810,fusce urna ipsum
2814,suspendisse tincidunt imperdiet risus
2815,aliquam accumsan nunc tellus
2818,duis hendrerit odio vel elit lobortis
2820,fusce interdum lacinia nisl in dignissim. in posuere ex ipsum
2825,aliquam congue lobortis dui
2826,etiam nunc lacus
2827,fusce varius imperdiet dui at rhoncus. sed orci lacus
2835,praesent viverra diam tellus
2838,phasellus diam libero
2844,quisque at eleifend erat. nulla massa erat
2847,aliquam accumsan nunc tellus
2850,quisque at eleifend erat. nulla massa erat
2856,fusce vel euismod ante
2858,ut in interdum ligula
2863,phasellus ut diam ut elit venenatis tempor. in semper viverra urna
2870,aliquam congue lobortis dui
2872,nulla varius magna mi
2874,suspendisse dignissim imperdiet leo in varius. nam accumsan varius arcu
2877,nunc tellus lacus
2878,suspendisse tincidunt imperdiet risus
2879,mauris consequat
2880,phasellus diam libero
2885,donec accumsan
2893,ut pulvinar ultricies massa
2894,aliquam accumsan nunc tellus
2897,lorem ipsum dolor sit amet
2899,donec varius tellus augue
2900,etiam quis lacus at quam lobortis euismod vel et arcu. ut eget elit vitae dui malesuada mollis. integer risus urna
2902,mauris in posuere arcu
2903,etiam dolor diam
2908,nullam rhoncus quam sed quam ultricies
2909,mauris consequat
2924,phasellus ut diam ut elit venenatis tempor. in semper viverra urna
2926,ut in interdum ligula
2928,ut pulvinar ultricies massa
2933,nulla sit amet pellentesque sem
2940,etiam nunc lacus
2949,etiam quis lacus at quam lobortis euismod vel et arcu. ut eget elit vitae dui malesuada mollis. integer risus urna
2953,donec placerat
2955,suspendisse potenti. sed ante libero
2957,etiam sed lorem felis. nulla feugiat ante eu eros blandit
2958,ut pulvinar ultricies massa
2966,suspendisse potenti. sed ante libero
2967,mauris in posuere arcu
2968,aliquam accumsan nunc tellus
2969,donec accumsan
2975,aliquam congue lobortis dui
2977,duis hendrerit odio vel elit lobortis
2981,donec ac rutrum risus. morbi mauris tortor
2984,donec accumsan
2989,duis hendrerit odio vel elit lobortis
2990,nullam vel facilisis nisl
2994,etiam sed lorem felis. nulla feugiat ante eu eros blandit
2996,suspendisse fringilla commodo sem
3004,mauris in posuere arcu
3012,nunc tellus lacus
3015,mauris in posuere arcu
3017,aliquam accumsan nunc tellus
3026,sed dapibus
3028,donec ac rutrum risus. morbi mauris tortor
3029,nam venenatis felis eu nisl sodales
3032,duis hendrerit odio vel elit lobortis
3033,donec ac rutrum risus. morbi mauris tortor
3035,nulla gravida lacus ac libero consequat mattis id ac dolor. nunc elit augue
3038,ut et volutpat magna. nullam ultrices
3045,fusce varius imperdiet dui at rhoncus. sed orci lacus
3054,donec placerat
3055,nulla varius magna mi
3057,nulla sit amet pellentesque sem
3059,donec accumsan
3060,ut et volutpat magna. nullam ultrices
3062,nullam rhoncus quam sed quam ultricies
3065,nunc tellus lacus
3066,nullam vel facilisis nisl
3067,etiam sed lorem felis. nulla feugiat ante eu eros blandit
3068,fusce urna ipsum
3075,ut pulvinar ultricies massa
3081,phasellus ut diam ut elit venenatis tempor. in semper viverra urna
3082,suspendisse dignissim imperdiet leo in varius. nam accumsan varius arcu
3084,suspendisse dignissim imperdiet leo in varius. nam accumsan varius arcu
3085,nullam rhoncus quam sed quam ultricies
3095,suspendisse fringilla commodo sem
3099,nulla dapibus mauris ante
3101,cras venenatis ex sed nunc tempus
3104,praesent viverra diam tellus
3106,suspendisse tincidunt imperdiet risus
3111,quisque nisl lacus
3113,nulla varius magna mi
3116,nam venenatis felis eu nisl sodales
3121,nam suscipit
3122,ut et volutpat magna. nullam ultrices
3123,nullam vel facilisis nisl
3131,quisque at eleifend erat. nulla massa erat
3132,ut in interdum ligula
3133,in at iaculis dolor
3139,aliquam accumsan nunc tellus
3140,nulla varius magna mi
3146,lorem ipsum dolor sit amet
3153,sed dapibus
3158,duis hendrerit odio vel elit lobortis
3160,fusce urna ipsum
3161,suspendisse dignissim imperdiet leo in varius. nam accumsan varius arcu
3162,etiam quis lacus at quam lobortis euismod vel et arcu. ut eget elit vitae dui malesuada mollis. integer risus urna
3167,nulla varius magna mi
3176,sed dapibus
3177,duis hendrerit odio vel elit lobortis
3178,suspendisse potenti. sed ante libero
3179,praesent viverra diam tellus
3185,nullam vel facilisis nisl
3186,etiam sed lorem felis. nulla feugiat ante eu eros blandit
3194,suspendisse tincidunt imperdiet risus
3197,fusce vel euismod ante
3199,phasellus diam libero
3201,mauris consequat
3204,suspendisse fringilla commodo sem
3205,suspendisse potenti. sed ante libero
3227,duis hendrerit odio vel elit lobortis
3233,nulla dapibus mauris ante
3241,ut pulvinar ultricies massa
3243,cras ut sodales ligula
3245,cras a imperdiet sem
3246,fusce urna ipsum
3250,duis hendrerit odio vel elit lobortis
3263,fusce interdum lacinia nisl in dignissim. in posuere ex ipsum
3264,nulla varius magna mi
3266,nulla sit amet pellentesque sem
3268,phasellus ut diam ut elit venenatis tempor. in semper viverra urna
3269,phasellus diam libero
3274,fusce interdum lacinia nisl in dignissim. in posuere ex ipsum
3275,nullam rhoncus quam sed quam ultricies
3277,nullam rhoncus quam sed quam ultricies
3278,nunc tellus lacus
3280,nam venenatis felis eu nisl sodales
3282,in at iaculis dolor
3289,fusce interdum lacinia nisl in dignissim. in posuere ex ipsum
3291,etiam dolor diam
3294,in at iaculis dolor
3295,cras venenatis ex sed nunc tempus
3296,nulla sit amet pellentesque sem
3298,lorem ipsum dolor sit amet
3307,sed dapibus
3309,ut in interdum ligula
3310,donec placerat
3311,sed dapibus
3313,nam venenatis felis eu nisl sodales
3314,aliquam accumsan nunc tellus
3317,nulla gravida lacus ac libero consequat mattis id ac dolor. nunc elit augue
3324,mauris consequat
3325,duis hendrerit odio vel elit lobortis
3328,proin convallis urna velit
3329,quisque at eleifend erat. nulla massa erat
3333,nam suscipit
3335,fusce vel euismod ante
3338,etiam dolor diam
3339,donec placerat
3340,etiam sed lorem felis. nulla feugiat ante eu eros blandit
3346,nulla dapibus mauris ante
3352,mauris consequat
3355,etiam quis lacus at quam lobortis euismod vel et arcu. ut eget elit vitae dui malesuada mollis. integer risus urna
3356,sed dapibus
3357,nam suscipit
3358,ut in interdum ligula
3362,sed dapibus
3364,fusce varius imperdiet dui at rhoncus. sed orci lacus
3377,ut pulvinar ultricies massa
3380,nam suscipit
3384,cras ut sodales ligula
3386,nunc tellus lacus
3394,sed dapibus
3401,cras venenatis ex sed nunc tempus
3404,ut et volutpat magna. nullam ultrices
3406,aliquam accumsan nunc tellus
3407,aliquam accumsan nunc tellus
3408,aliquam accumsan nunc tellus
3409,cras ut sodales ligula
3413,cras venenatis ex sed nunc tempus
3416,fusce varius imperdiet dui at rhoncus. sed orci lacus
3418,nullam vel facilisis nisl
3420,suspendisse fringilla commodo sem
3422,nulla gravida lacus ac libero consequat mattis id ac dolor. nunc elit augue
3423,nulla varius magna mi
3424,suspendisse dignissim imperdiet leo in varius. nam accumsan varius arcu
3425,ut et volutpat magna. nullam ultrices
3426,cras a imperdiet sem
3427,aliquam accumsan nunc tellus
3428,lorem ipsum dolor sit amet
3437,etiam quis lacus at quam lobortis euismod vel et arcu. ut eget elit vitae dui malesuada mollis. integer risus urna
3440,etiam dolor diam
3441,aliquam accumsan nunc tellus
3444,nam venenatis felis eu nisl sodales
3448,in at iaculis dolor
3450,mauris in posuere arcu
3451,quisque nisl lacus
3452,cras ut sodales ligula
3455,in at iaculis dolor
3459,cras venenatis ex sed nunc tempus
3465,fusce urna ipsum
3468,fusce interdum lacinia nisl in dignissim. in posuere ex ipsum
3469,phasellus diam libero
3472,mauris consequat
3480,nulla sit amet pellentesque sem
3482,nulla gravida lacus ac libero consequat mattis id ac dolor. nunc elit augue
3484,ut pulvinar ultricies massa
3488,sed dapibus
3493,quisque at eleifend erat. nulla massa erat
3499,nam venenatis felis eu nisl sodales
3502,in at iaculis dolor
3505,phasellus diam libero
3510,phasellus diam libero
3511,praesent viverra diam tellus
3512,nulla sit amet pellentesque sem
3517,ut in interdum ligula
3519,suspendisse tincidunt imperdiet risus
3521,nam venenatis felis eu nisl sodales
3532,nam suscipit
3535,phasellus ut diam ut elit venenatis tempor. in semper viverra urna
3536,sed dapibus
3539,fusce varius imperdiet dui at rhoncus. sed orci lacus
3545,cras ut sodales ligula
3550,donec placerat
3553,suspendisse tincidunt imperdiet risus
3555,lorem ipsum dolor sit amet
3556,etiam dolor diam
3562,quisque at eleifend erat. nulla massa erat
3577,lorem ipsum dolor sit amet
3584,fusce urna ipsum
3588,etiam nunc lacus
3591,lorem ipsum dolor sit amet
3598,mauris consequat
3602,suspendisse tincidunt imperdiet risus
3603,phasellus diam libero
3604,fusce vel euismod ante
3611,etiam sed lorem felis. nulla feugiat ante eu eros blandit
3613,ut et volutpat magna. nullam ultrices
3614,suspendisse tincidunt imperdiet risus
3615,quisque nisl lacus
3616,quisque at eleifend erat. nulla massa erat
3620,fusce vel euismod ante
3622,proin convallis urna velit
3625,aliquam congue lobortis dui
3638,quisque nisl lacus
3639,nam suscipit
3640,in at iaculis dolor
3645,ut et volutpat magna. nullam ultrices
3647,in at iaculis dolor
3650,fusce varius imperdiet dui at rhoncus. sed orci lacus
3656,suspendisse potenti. sed ante libero
3659,nam suscipit
3662,suspendisse fringilla commodo sem
3665,proin convallis urna velit
3668,fusce vel euismod ante
3669,quisque nisl lacus
3670,praesent viverra diam tellus
3671,fusce varius imperdiet dui at rhoncus. sed orci lacus
3681,cras a imperdiet sem
3682,ut pulvinar ultricies massa
3683,fusce urna ipsum
3684,phasellus diam libero
3685,suspendisse dignissim imperdiet leo in varius. nam accumsan varius arcu
3686,suspendisse potenti. sed ante libero
3692,mauris in posuere arcu
3694,proin convallis urna velit
3701,etiam quis lacus at quam lobortis euismod vel et arcu. ut eget elit vitae dui malesuada mollis. integer risus urna
3703,ut in interdum ligula
3707,suspendisse fringilla commodo sem
3710,fusce varius imperdiet dui at rhoncus. sed orci lacus
3712,nam suscipit
3713,lorem ipsum dolor sit amet
3714,nam suscipit
3715,nulla sit amet pellentesque sem
3716,cras venenatis ex sed nunc tempus
3718,lorem ipsum dolor sit amet
3721,duis hendrerit odio vel elit lobortis
3725,donec varius tellus augue
3726,etiam dolor diam
3731,aliquam congue lobortis dui
3734,aliquam congue lobortis dui
3736,lorem ipsum dolor sit amet
3740,fusce interdum lacinia nisl in dignissim. in posuere ex ipsum
3751,nulla dapibus mauris ante
3754,sed dapibus
3755,nunc tellus lacus
3756,cras ut sodales ligula
3760,nulla varius magna mi
3763,nulla gravida lacus ac libero consequat mattis id ac dolor. nunc elit augue
3764,donec varius tellus augue
3766,praesent viverra diam tellus
3772,mauris in posuere arcu
3773,nulla varius magna mi
3774,mauris consequat
3783,etiam quis lacus at quam lobortis euismod vel et arcu. ut eget elit vitae dui malesuada mollis. integer risus urna
3791,suspendisse dignissim imperdiet leo in varius. nam accumsan varius arcu
3792,lorem ipsum dolor sit amet
3796,lorem ipsum dolor sit amet
3802,cras ut sodales ligula
3809,nunc tellus lacus
3810,etiam dolor diam
3813,suspendisse potenti. sed ante libero
3814,in at iaculis dolor
3816,phasellus diam libero
3821,suspendisse tincidunt imperdiet risus
3822,donec ac rutrum risus. morbi mauris tortor
3828,phasellus diam libero
3833,nulla dapibus mauris ante
3834,etiam nunc lacus
3839,nam suscipit
3840,quisque at eleifend erat. nulla massa erat
3842,phasellus diam libero
3851,nulla sit amet pellentesque sem
3856,nulla gravida lacus ac libero consequat mattis id ac dolor. nunc elit augue
3859,nullam vel facilisis nisl
3865,fusce vel euismod ante
3867,nullam vel facilisis nisl
3869,etiam sed lorem felis. nulla feugiat ante eu eros blandit
3875,proin convallis urna velit
3876,proin convallis urna velit
3877,nullam vel facilisis nisl
3878,etiam dolor diam
3879,nunc tellus lacus
3880,etiam dolor diam
3882,donec accumsan
3883,lorem ipsum dolor sit amet
3884,phasellus diam libero
3886,aliquam accumsan nunc tellus
3889,donec ac rutrum risus. morbi mauris tortor
3890,etiam sed lorem felis. nulla feugiat ante eu eros blandit
3891,phasellus diam libero
3893,etiam dolor diam
3897,aliquam accumsan nunc tellus
3898,nunc tellus lacus
3900,suspendisse potenti. sed ante libero
3901,suspendisse tincidunt imperdiet risus
3908,lorem ipsum dolor sit amet
3911,suspendisse potenti. sed ante libero
3912,donec varius tellus augue
3915,cras a imperdiet sem
3919,donec placerat
3922,mauris consequat
3923,aliquam accumsan nunc tellus
3925,donec ac rutrum risus. morbi mauris tortor
3930,nunc tellus lacus
3932,nunc tellus lacus
3934,fusce interdum lacinia nisl in dignissim. in posuere ex ipsum
3935,sed dapibus
3936,duis hendrerit odio vel elit lobortis
3937,nulla sit amet pellentesque sem
3939,sed dapibus
3940,nulla dapibus mauris ante
3949,donec varius tellus augue
3956,fusce urna ipsum
3957,nunc tellus lacus
3958,quisque nisl lacus
3961,quisque at eleifend erat. nulla massa erat
3966,etiam quis lacus at quam lobortis euismod vel et arcu. ut eget elit vitae dui malesuada mollis. integer risus urna
3967,aliquam congue lobortis dui
3968,nullam vel facilisis nisl
3973,suspendisse fringilla commodo sem
3984,nullam vel facilisis nisl
3993,phasellus ut diam ut elit venenatis tempor. in semper viverra urna
3994,donec placerat
3995,nulla varius magna mi
3998,suspendisse potenti. sed ante libero
3999,donec ac rutrum risus. morbi mauris tortor
4003,nullam vel facilisis nisl
4004,nullam vel facilisis nisl
4005,phasellus ut diam ut elit venenatis tempor. in semper viverra urna
4009,lorem ipsum dolor sit amet
4011,praesent viverra diam tellus
4013,suspendisse potenti. sed ante libero
4022,phasellus ut diam ut elit venenatis tempor. in semper viverra urna
4024,nulla sit amet pellentesque sem
4026,cras a imperdiet sem
4029,phasellus diam libero
4032,etiam sed lorem felis. nulla feugiat ante eu eros blandit
4034,lorem ipsum dolor sit amet
4035,nam suscipit
4042,lorem ipsum dolor sit amet
4044,etiam nunc lacus
4062,quisque nisl lacus
4067,lorem ipsum dolor sit amet
4068,cras a imperdiet sem
4069,lorem ipsum dolor sit amet
4074,etiam nunc lacus
4076,nam suscipit
4077,etiam quis lacus at quam lobortis euismod vel et arcu. ut eget elit vitae dui malesuada mollis. integer risus urna
4078,mauris in posuere arcu
4080,donec varius tellus augue
4081,cras ut sodales ligula
4086,nulla dapibus mauris ante
4087,donec ac rutrum risus. morbi mauris tortor
4093,suspendisse tincidunt imperdiet risus
4100,nam suscipit
4116,ut pulvinar ultricies massa
4117,etiam quis lacus at quam lobortis euismod vel et arcu. ut eget elit vitae dui malesuada mollis. integer risus urna
4130,aliquam accumsan nunc tellus
4135,ut pulvinar ultricies massa
4136,suspendisse potenti. sed ante libero
4138,sed dapibus
4139,cras venenatis ex sed nunc tempus
4144,aliquam accumsan nunc tellus
4147,donec ac rutrum risus. morbi mauris tortor
4148,fusce vel euismod ante
4152,in at iaculis dolor
4155,etiam quis lacus at quam lobortis euismod vel et arcu. ut eget elit vitae dui malesuada mollis. integer risus urna
4161,suspendisse fringilla commodo sem
4163,ut et volutpat magna. nullam ultrices
4168,nunc tellus lacus
4170,nulla dapibus mauris ante
4171,fusce interdum lacinia nisl in dignissim. in posuere ex ipsum
4172,praesent viverra diam tellus
4175,lorem ipsum dolor sit amet
4180,phasellus ut diam ut elit venenatis tempor. in semper viverra urna
4182,cras a imperdiet sem
4184,lorem ipsum dolor sit amet
4185,quisque at eleifend erat. nulla massa erat
4190,quisque at eleifend erat. nulla massa erat
4191,ut pulvinar ultricies massa
4197,aliquam accumsan nunc tellus
4198,nulla dapibus mauris ante
4200,nulla varius magna mi
4202,lorem ipsum dolor sit amet
4204,nulla gravida lacus ac libero consequat mattis id ac dolor. nunc elit augue
4205,nullam rhoncus quam sed quam ultricies
4208,praesent viverra diam tellus
4209,in at iaculis dolor
4214,ut pulvinar ultricies massa
4215,cras venenatis ex sed nunc tempus
4219,aliquam congue lobortis dui
4229,mauris consequat
4232,mauris in posuere arcu
4242,cras ut sodales ligula
4248,suspendisse tincidunt imperdiet risus
4249,sed dapibus
4251,mauris consequat
4253,duis hendrerit odio vel elit lobortis
4256,suspendisse tincidunt imperdiet risus
4264,mauris in posuere arcu
4265,etiam nunc lacus
4267,fusce varius imperdiet dui at rhoncus. sed orci lacus
4284,in at iaculis dolor
4285,fusce varius imperdiet dui at rhoncus. sed orci lacus
4287,etiam quis lacus at quam lobortis euismod vel et arcu. ut eget elit vitae dui malesuada mollis. integer risus urna
4288,aliquam accumsan nunc tellus
4289,donec varius tellus augue
4290,nullam vel facilisis nisl
4292,aliquam congue lobortis dui
4295,aliquam accumsan nunc tellus
4296,ut in interdum ligula
4300,praesent viverra diam tellus
4309,donec varius tellus augue
4312,suspendisse potenti. sed ante libero
4317,donec varius tellus augue
4320,ut pulvinar ultricies massa
4321,praesent viverra diam tellus
4326,donec varius tellus augue
4327,donec ac rutrum risus. morbi mauris tortor
4329,praesent viverra diam tellus
4332,nunc tellus lacus
4334,donec accumsan
4337,etiam sed lorem felis. nulla feugiat ante eu eros blandit
4338,fusce vel euismod ante
4342,mauris consequat
4345,phasellus ut diam ut elit venenatis tempor. in semper viverra urna
4347,duis hendrerit odio vel elit lobortis
4350,quisque at eleifend erat. nulla massa erat
4351,donec accumsan
4354,in at iaculis dolor
4360,etiam sed lorem felis. nulla feugiat ante eu eros blandit
4361,cras ut sodales ligula
4363,fusce interdum lacinia nisl in dignissim. in posuere ex ipsum
4366,nulla varius magna mi
4368,etiam quis lacus at quam lobortis euismod vel et arcu. ut eget elit vitae dui malesuada mollis. integer risus urna
4376,fusce vel euismod ante
4384,nulla sit amet pellentesque sem
4385,etiam nunc lacus
4386,fusce urna ipsum
4402,etiam dolor diam
4414,quisque at eleifend erat. nulla massa erat
4415,donec varius tellus augue
4422,nulla sit amet pellentesque sem
4425,nam suscipit
4427,donec varius tellus augue
4428,fusce interdum lacinia nisl in dignissim. in posuere ex ipsum
4432,duis hendrerit odio vel elit lobortis
4441,fusce interdum lacinia nisl in dignissim. in posuere ex ipsum
4443,fusce interdum lacinia nisl in dignissim. in posuere ex ipsum
4454,etiam sed lorem felis. nulla feugiat ante eu eros blandit
4459,fusce varius imperdiet dui at rhoncus. sed orci lacus
4463,phasellus ut diam ut elit venenatis tempor. in semper viverra urna
4465,nam venenatis felis eu nisl sodales
4466,suspendisse potenti. sed ante libero
4471,in at iaculis dolor
4473,phasellus ut diam ut elit venenatis tempor. in semper viverra urna
4474,cras venenatis ex sed nunc tempus
4476,lorem ipsum dolor sit amet
4477,nullam vel facilisis nisl
4479,quisque at eleifend erat. nulla massa erat
4486,ut in interdum ligula
4488,etiam quis lacus at quam lobortis euismod vel et arcu. ut eget elit vitae dui malesuada mollis. integer risus urna
4493,cras venenatis ex sed nunc tempus
4506,ut et volutpat magna. nullam ultrices
4510,nulla gravida lacus ac libero consequat mattis id ac dolor. nunc elit augue
4516,mauris consequat
4517,phasellus ut diam ut elit venenatis tempor. in semper viverra urna
4520,phasellus diam libero
4522,lorem ipsum dolor sit amet
4529,ut pulvinar ultricies massa
4530,suspendisse dignissim imperdiet leo in varius. nam accumsan varius arcu
4533,nulla sit amet pellentesque sem
4534,nulla gravida lacus ac libero consequat mattis id ac dolor. nunc elit augue
4537,nam venenatis felis eu nisl sodales
4542,suspendisse potenti. sed ante libero
4546,phasellus ut diam ut elit venenatis tempor. in semper viverra urna
4549,donec ac rutrum risus. morbi mauris tortor
4551,nulla sit amet pellentesque sem
4557,aliquam accumsan nunc tellus
4565,nam suscipit
4566,praesent viverra diam tellus
4571,cras a imperdiet sem
4573,fusce urna ipsum
4574,nullam rhoncus quam sed quam ultricies
4576,ut in interdum ligula
4579,mauris in posuere arcu
4581,donec placerat
4583,donec ac rutrum risus. morbi mauris tortor
4584,nulla varius magna mi
4587,duis hendrerit odio vel elit lobortis
4590,etiam nunc lacus
4593,lorem ipsum dolor sit amet
4594,phasellus diam libero
4596,fusce vel euismod ante
4597,suspendisse fringilla commodo sem
4602,fusce vel euismod ante
4604,nulla gravida lacus ac libero consequat mattis id ac dolor. nunc elit augue
4605,nullam vel facilisis nisl
4607,cras ut sodales ligula
4608,aliquam accumsan nunc tellus
4614,nullam rhoncus quam sed quam ultricies
4618,suspendisse tincidunt imperdiet risus
4623,donec accumsan
4624,suspendisse fringilla commodo sem
4625,aliquam accumsan nunc tellus
4627,praesent viverra diam tellus
4630,nulla sit amet pellentesque sem
4631,nunc tellus lacus
4635,donec ac rutrum risus. morbi mauris tortor
4640,in at iaculis dolor
4643,etiam dolor diam
4644,proin convallis urna velit
4647,suspendisse dignissim imperdiet leo in varius. nam accumsan varius arcu
4649,donec varius tellus augue
4652,nam venenatis felis eu nisl sodales
4659,donec placerat
4663,proin convallis urna velit
4667,etiam dolor diam
4670,quisque nisl lacus
4677,fusce urna ipsum
4681,phasellus ut diam ut elit venenatis tempor. in semper viverra urna
4682,mauris consequat
4685,quisque nisl lacus
4686,ut et volutpat magna. nullam ultrices
4689,nullam vel facilisis nisl
4691,proin convallis urna velit
4692,praesent viverra diam tellus
4693,cras a imperdiet sem
4697,ut in interdum ligula
4701,suspendisse tincidunt imperdiet risus
4702,nulla varius magna mi
4703,suspendisse potenti. sed ante libero
4706,quisque nisl lacus
4708,ut pulvinar ultricies massa
4712,nunc tellus lacus
4718,mauris consequat
4719,donec ac rutrum risus. morbi mauris tortor
4720,fusce vel euismod ante
4725,nulla dapibus mauris ante
4731,nulla gravida lacus ac libero consequat mattis id ac dolor. nunc elit augue
4737,nam venenatis felis eu nisl sodales
4741,donec accumsan
4744,fusce urna ipsum
4746,suspendisse tincidunt imperdiet risus
4749,nullam vel facilisis nisl
4750,aliquam accumsan nunc tellus
4752,in at iaculis dolor
4753,ut et volutpat magna. nullam ultrices
4755,etiam dolor diam
4757,fusce vel euismod ante
4770,cras venenatis ex sed nunc tempus
4772,nulla varius magna mi
4773,proin convallis urna velit
4777,mauris in posuere arcu
4780,lorem ipsum dolor sit amet
4781,fusce varius imperdiet dui at rhoncus. sed orci lacus
4782,mauris in posuere arcu
4784,ut in interdum ligula
4786,donec placerat
4787,ut et volutpat magna. nullam ultrices
4790,cras a imperdiet sem
4791,donec ac rutrum risus. morbi mauris tortor
4792,nulla varius magna mi
4795,quisque nisl lacus
4796,phasellus ut diam ut elit venenatis tempor. in semper viverra urna
4798,cras ut sodales ligula
4800,fusce varius imperdiet dui at rhoncus. sed orci lacus
4801,ut in interdum ligula
4804,donec placerat
4808,cras ut sodales ligula
4813,ut pulvinar ultricies massa
4814,fusce interdum lacinia nisl in dignissim. in posuere ex ipsum
4818,quisque at eleifend erat. nulla massa erat
4824,lorem ipsum dolor sit amet
4827,suspendisse dignissim imperdiet leo in varius. nam accumsan varius arcu
4828,quisque at eleifend erat. nulla massa erat
4829,nam venenatis felis eu nisl sodales
4830,nulla dapibus mauris ante
4832,suspendisse tincidunt imperdiet risus
4845,lorem ipsum dolor sit amet
4848,nullam vel facilisis nisl
4852,cras ut sodales ligula
4855,donec varius tellus augue
4857,ut pulvinar ultricies massa
4862,quisque at eleifend erat. nulla massa erat
4874,mauris in posuere arcu
4875,mauris in posuere arcu
4881,cras a imperdiet sem
4882,ut in interdum ligula
4885,fusce urna ipsum
4888,phasellus diam libero
4893,in at iaculis dolor
4897,duis hendrerit odio vel elit lobortis
4902,fusce urna ipsum
4904,nullam vel facilisis nisl
4912,phasellus ut diam ut elit venenatis tempor. in semper viverra urna
4913,fusce urna ipsum
4914,mauris in posuere arcu
4920,nullam rhoncus quam sed quam ultricies
4921,aliquam accumsan nunc tellus
4925,mauris in posuere arcu
4931,nam venenatis felis eu nisl sodales
4932,etiam quis lacus at quam lobortis euismod vel et arcu. ut eget elit vitae dui malesuada mollis. integer risus urna
4934,nunc tellus lacus
4936,nullam rhoncus quam sed quam ultricies
4940,ut et volutpat magna. nullam ultrices
4943,phasellus diam libero
4947,aliquam accumsan nunc tellus
4949,nulla gravida lacus ac libero consequat mattis id ac dolor. nunc elit augue
4950,fusce vel euismod ante
4952,nullam rhoncus quam sed quam ultricies
4956,suspendisse fringilla commodo sem
4962,etiam quis lacus at quam lobortis euismod vel et arcu. ut eget elit vitae dui malesuada mollis. integer risus urna
4965,sed dapibus
4970,etiam quis lacus at quam lobortis euismod vel et arcu. ut eget elit vitae dui malesuada mollis. integer risus urna
4973,in at iaculis dolor
4974,etiam quis lacus at quam lobortis euismod vel et arcu. ut eget elit vitae dui malesuada mollis. integer risus urna
4976,fusce vel euismod ante
4980,aliquam congue lobortis dui
4984,cras ut sodales ligula
4986,nulla varius magna mi
4987,etiam nunc lacus
4990,etiam sed lorem felis. nulla feugiat ante eu eros blandit
4994,lorem ipsum dolor sit amet
4995,mauris consequat
4997,proin convallis urna velit
5000,nam suscipit
5001,donec ac rutrum risus. morbi mauris tortor
5002,nulla varius magna mi
5007,fusce vel euismod ante
5013,nulla gravida lacus ac libero consequat mattis id ac dolor. nunc elit augue
5015,cras venenatis ex sed nunc tempus
5021,nam suscipit
5025,nunc tellus lacus
5027,in at iaculis dolor
5028,nam suscipit
5029,aliquam congue lobortis dui
5031,suspendisse dignissim imperdiet leo in varius. nam accumsan varius arcu
5032,ut pulvinar ultricies massa
5044,cras ut sodales ligula
5045,fusce interdum lacinia nisl in dignissim. in posuere ex ipsum
5051,mauris consequat
